owner,repo,exists,size_bytes,files
nitrologic,fountain,yes,7006537,108
nitrologic,forge,yes,3644703,38
nitrologic,foundry,yes,145362,27
nitrologic,roha,yes,538144,29
nitrologic,biblispec,yes,92778,6
nitrologic,dsptool,yes,145848042,1629
nitrologic,dspstudio,yes,4354886,263
nitrologic,vsynth,yes,454609,12
nitrologic,freeaudio,yes,59544,15
nitrologic,miditool,yes,2084906,74
nitrologic,audiotool,yes,3329,7
nitrologic,yaroze,yes,1000410,236
nitrologic,acidvm,yes,15228216,609
nitrologic,picotool,yes,187183,33
nitrologic,skid30,yes,82267837,815
nitrologic,stereobasic,yes,41006548,99
nitrologic,fusion,yes,147382875,539
nitrologic,nextspace,yes,202915962,2359
nitrologic,roa,yes,81250694,1089
nitrologic,roanz,yes,389208,20
nitrologic,roagrid,yes,46415587,9
nitrologic,skidroa,yes,14074277,1018
nitrologic,tileshop,yes,27255145,1002
nitrologic,bakery,yes,156256,17
nitrologic,pipeline,yes,223588547,2221
nitrologic,pipeline2,yes,9402634,711
nitrologic,stage,yes,57063693,4124
nitrologic,stage2,yes,13286693,157
nitrologic,stage3,yes,38123545,3852
nitrologic,stage4,yes,4790175,21
nitrologic,blitz2,yes,27054634,3054
nitrologic,blitz3d,yes,3721248,84
nitrologic,steamstub,yes,18842,5
nitrologic,blitzmax20,yes,654,2
nitrologic,blitzmax-dpi-denial,yes,54255748,2517
nitrologic,maxide,yes,1210486,37
nitrologic,maxgui2.mod,yes,1198665,169
nitrologic,monkey2,yes,275417961,2350
nitrologic,m2,yes,177668953,2045
nitrologic,mx2,yes,65,1
nitrologic,mx2core,yes,1646865,340
nitrologic,mx2mojo,yes,99107609,2645
nitrologic,mojo3d-vr,yes,3095331,26
nitrologic,mojolab,yes,19998306,13
nitrologic,mojolabs,yes,79044323,72
nitrologic,bbcom,yes,46527479,4177
nitrologic,glTF,yes,97899217,252
nitrologic,nitrologic.github.io,yes,11164201,33
