nitrologic,fountain
nitrologic,forge
nitrologic,foundry
nitrologic,roha
nitrologic,biblispec
nitrologic,dsptool
nitrologic,dspstudio
nitrologic,vsynth
nitrologic,freeaudio
nitrologic,miditool
nitrologic,audiotool
nitrologic,libcec
nitrologic,yaroze
nitrologic,acidvm
nitrologic,picotool
nitrologic,skid30
nitrologic,stereobasic
nitrologic,ninjakiwi
nitrologic,loadrite
nitrologic,fusion
nitrologic,nextspace
nitrologic,roa
nitrologic,roanz
nitrologic,roagrid
nitrologic,skidroa
nitrologic,tileshop
nitrologic,bakery
nitrologic,pipeline
nitrologic,pipeline2
nitrologic,stage
nitrologic,stage2
nitrologic,stage3
nitrologic,stage4
nitrologic,blitz2
nitrologic,blitz3d
nitrologic,steamstub
nitrologic,blitzmax20
nitrologic,blitzmax-dpi-denial
nitrologic,maxide
nitrologic,maxgui2.mod
nitrologic,monkey2
nitrologic,m2
nitrologic,mx2
nitrologic,mx2core
nitrologic,mx2mojo
nitrologic,mojo3d-vr
nitrologic,mojolab
nitrologic,mojolabs
nitrologic,bbcom
nitrologic,COLLADA2GLTF
nitrologic,glTF
nitrologic,nitrologic.github.io
nitrologic,nitrologic
nitrologic,plainview
nitrologic,acid8
nitrologic,worldbody
nitrologic,bbarchives
nitrologic,skidnz
nitrologic,plainhost
nitrologic,mobstar
nitrologic,waveform
nitrologic,itouch
nitrologic,touch
nitrologic,postphysics
nitrologic,voxel-model
nitrologic,acid
nitrologic,asmcoder
nitrologic,diversity
nitrologic,wasted
nitrologic,wire
nitrologic,space
nitrologic,vector0
nitrologic,studio
nitrologic,nod
nitrologic,grid
nitrologic,score
nitrologic,nitro
nitrologic,scout
nitrologic,simon
nitrologic,drawline
nitrologic,basement
nitrologic,geom
nitrologic,acidpd
nitrologic,axe.mod
nitrologic,mod
nitrologic,n3d
nitrologic,nitrovr
nitrologic,winmain
nitrologic,shape
nitrologic,nitrotoken
nitrologic,nano
nitrologic,sphinx
nitrologic,media
nitrologic,ffmpeg
nitrologic,nitrosdk
nitrologic,uae
nitrologic,nitrojs
nitrologic,emu
nitrologic,nitroclient
nitrologic,nitrodocs
nitrologic,abc
blitz-research,blitzmax
blitz-research,libsgd
