owner,repo,exists,size_bytes,files 
nitrologic,fountain,yes,5830558,936
nitrologic,forge,yes,27299952,232
nitrologic,foundry,yes,74759220,126
nitrologic,roha,yes,922840,104
nitrologic,biblispec,yes,2191922,108
nitrologic,dsptool,yes,315060,62
nitrologic,dspstudio,yes,536614960,3308
nitrologic,vsynth,yes,13238542,576
nitrologic,freeaudio,yes,1662524,74
nitrologic,miditool,yes,200220,80
nitrologic,audiotool,yes,11940810,198
nitrologic,libcec,yes,67472,66
nitrologic,yaroze,yes,16201644,452
nitrologic,acidvm,yes,2687446,522
nitrologic,picotool,yes,44228862,1268
nitrologic,skid30,yes,743590,116
nitrologic,stereobasic,yes,297567528,1680
nitrologic,ninjakiwi,yes,155636998,250
nitrologic,loadrite,yes,53698,54
nitrologic,fusion,yes,16375530,272
nitrologic,nextspace,yes,650912616,1128
nitrologic,roa,yes,758120462,912
nitrologic,roanz,yes,231836840,2228
nitrologic,roagrid,yes,941504,90
nitrologic,skidroa,yes,109914730,70
nitrologic,tileshop,yes,35273536,2086
nitrologic,bakery,yes,67702706,2054
nitrologic,pipeline,yes,449796,86
nitrologic,pipeline2,yes,675640710,4492
nitrologic,stage,yes,24088592,1472
nitrologic,stage2,yes,176901514,8298
nitrologic,stage3,yes,36552648,364
nitrologic,stage4,yes,101938978,7752
nitrologic,blitz2,yes,12272996,92
nitrologic,blitz3d,yes,99841328,6158
nitrologic,steamstub,yes,11690164,218
nitrologic,blitzmax20,yes,100698,62
nitrologic,blitzmax-dpi-denial,yes,57972,56
nitrologic,maxide,yes,203761982,5084
nitrologic,maxgui2.mod,yes,3960624,124
nitrologic,monkey2,yes,4308994,388
nitrologic,m2,yes,717641256,4750
nitrologic,mx2,yes,760751262,4140
nitrologic,mx2core,yes,55324,54
nitrologic,mx2mojo,yes,4286352,730
nitrologic,mojo3d-vr,yes,311485192,5340
nitrologic,mojolab,yes,8989766,102
nitrologic,mojolabs,yes,53173786,76
nitrologic,bbcom,yes,269207866,194
nitrologic,monkeylanguageserver,yes,115482776,8404
nitrologic,COLLADA2GLTF,yes,232044,104
nitrologic,glTF,yes,54390418,224
nitrologic,nitrologic.github.io,yes,535984684,554
nitrologic,nitrologic,yes,43306458,116
nitrologic,plainview,yes,129458,54
nitrologic,acid8,yes,6435448,136
nitrologic,worldbody,yes,661464248,176
nitrologic,bbarchives,yes,152186,72
nitrologic,playfab,yes,940337648,11706
nitrologic,skidnz,yes,52859434,206
nitrologic,plainhost,yes,329224,60
nitrologic,mobstar,yes,158114,72
nitrologic,waveform,yes,74892,62
nitrologic,itouch,yes,208918,68
nitrologic,touch,yes,349568,118
nitrologic,postphysics,yes,8470614,146
nitrologic,ammo.js,yes,74702,56
nitrologic,voxel-model,yes,162752392,2816
nitrologic,acid,yes,858259564,254
nitrologic,asmcoder,yes,499525654,9138
nitrologic,diversity,yes,86610,60
nitrologic,wasted,yes,22643542,212
nitrologic,wire,yes,991867378,11838
nitrologic,space,yes,520213150,1574
nitrologic,vector0,yes,34891118,214
nitrologic,studio,yes,397798,124
nitrologic,nod,yes,140951848,296
nitrologic,grid,yes,61834,64
nitrologic,score,yes,3347146,182
nitrologic,nitro,yes,55990,62
nitrologic,scout,yes,237752330,4628
nitrologic,simon,yes,3088796,136
nitrologic,drawline,yes,54006,58
nitrologic,basement,yes,364870,84
nitrologic,django-tenants,yes,23921430,188
nitrologic,geom,yes,1161282,276
nitrologic,acidpd,yes,20757266,220
nitrologic,axe.mod,yes,40923526,4064
nitrologic,mod,yes,76749300,1238
nitrologic,n3d,yes,184393030,9600
nitrologic,nitrovr,yes,111338,58
nitrologic,winmain,yes,53732,54
nitrologic,shape,yes,13649124,372
nitrologic,nitrotoken,yes,235846,60
nitrologic,nano,yes,120120,78
nitrologic,sphinx,yes,40211340,1136
nitrologic,media,yes,1395310,156
nitrologic,ffmpeg,yes,267277438,136
nitrologic,nitrosdk,yes,770120042,12302
nitrologic,uae,yes,125805808,1394
nitrologic,nitrojs,yes,35019658,624
nitrologic,emu,yes,72981306,2452
nitrologic,nitroclient,yes,209460102,7598
nitrologic,nitrodocs,yes,68199496,322
nitrologic,abc,yes,56810,56
blitz-research,blitzmax,yes,6990778,694
blitz-research,libsgd,yes,186332810,4596
