owner,repo,exists,log_count
nitrologic,fountain,yes,1
nitrologic,forge,yes,1
nitrologic,foundry,yes,1
nitrologic,roha,yes,1
nitrologic,biblispec,yes,1
nitrologic,dsptool,yes,1
nitrologic,dspstudio,yes,1
nitrologic,vsynth,yes,1
nitrologic,freeaudio,yes,1
nitrologic,miditool,yes,1
nitrologic,audiotool,yes,1
nitrologic,libcec,yes,1
nitrologic,yaroze,yes,1
nitrologic,acidvm,yes,1
nitrologic,picotool,yes,1
nitrologic,skid30,yes,1
nitrologic,stereobasic,yes,1
nitrologic,ninjakiwi,yes,1
nitrologic,loadrite,yes,1
nitrologic,fusion,yes,1
nitrologic,nextspace,yes,1
nitrologic,roa,yes,1
nitrologic,roanz,yes,1
nitrologic,roagrid,yes,1
nitrologic,skidroa,yes,1
nitrologic,tileshop,yes,1
nitrologic,bakery,yes,1
nitrologic,pipeline,yes,1
nitrologic,pipeline2,yes,1
nitrologic,stage,yes,1
nitrologic,stage2,yes,1
nitrologic,stage3,yes,1
nitrologic,stage4,yes,1
nitrologic,blitz2,yes,1
nitrologic,blitz3d,yes,1
nitrologic,steamstub,yes,1
nitrologic,blitzmax20,yes,1
nitrologic,blitzmax-dpi-denial,yes,1
nitrologic,maxide,yes,1
nitrologic,maxgui2.mod,yes,1
nitrologic,monkey2,yes,1
nitrologic,m2,yes,1
nitrologic,mx2,yes,1
nitrologic,mx2core,yes,1
nitrologic,mx2mojo,yes,1
nitrologic,mojo3d-vr,yes,1
nitrologic,mojolab,yes,1
nitrologic,mojolabs,yes,1
nitrologic,bbcom,yes,1
nitrologic,monkeylanguageserver,yes,1
nitrologic,COLLADA2GLTF,yes,1
nitrologic,glTF,yes,1
nitrologic,nitrologic.github.io,yes,1
nitrologic,nitrologic,yes,1
nitrologic,plainview,yes,1
nitrologic,acid8,yes,1
nitrologic,worldbody,yes,1
nitrologic,bbarchives,yes,1
nitrologic,skidnz,yes,1
nitrologic,plainhost,yes,1
nitrologic,mobstar,yes,1
nitrologic,waveform,yes,1
nitrologic,itouch,yes,1
nitrologic,touch,yes,1
nitrologic,postphysics,yes,1
nitrologic,ammo.js,yes,1
nitrologic,voxel-model,yes,1
nitrologic,acid,yes,1
nitrologic,asmcoder,yes,1
nitrologic,diversity,yes,1
nitrologic,wasted,yes,1
nitrologic,wire,yes,1
nitrologic,space,yes,1
nitrologic,vector0,yes,1
nitrologic,studio,yes,1
nitrologic,nod,yes,1
nitrologic,grid,yes,1
nitrologic,score,yes,1
nitrologic,nitro,yes,1
nitrologic,scout,yes,1
nitrologic,simon,yes,1
nitrologic,drawline,yes,1
nitrologic,basement,yes,1
nitrologic,django-tenants,yes,1
nitrologic,geom,yes,1
nitrologic,acidpd,yes,1
nitrologic,axe.mod,yes,1
nitrologic,mod,yes,1
nitrologic,n3d,yes,1
nitrologic,nitrovr,yes,1
nitrologic,winmain,yes,1
nitrologic,shape,yes,1
nitrologic,nitrotoken,yes,1
nitrologic,nano,yes,1
nitrologic,sphinx,yes,1
nitrologic,media,yes,1
nitrologic,ffmpeg,yes,1
nitrologic,nitrosdk,yes,1
nitrologic,uae,yes,1
nitrologic,nitrojs,yes,1
nitrologic,emu,yes,1
nitrologic,nitroclient,yes,1
nitrologic,nitrodocs,yes,1
nitrologic,abc,yes,1
blitz-research,blitzmax,yes,1
blitz-research,libsgd,yes,1
