owner,repo,exists,log_count 

nitrologic,nitrologic.github.io,yes,2943
nitrologic,yaroze,yes,1972
nitrologic,fountain,yes,971
nitrologic,roanz,yes,689
nitrologic,dspstudio,yes,685
nitrologic,glTF,yes,581
nitrologic,voxel-model,yes,429
nitrologic,m2,yes,368
nitrologic,mx2,yes,322
nitrologic,stereobasic,yes,305
nitrologic,vector0,yes,297
nitrologic,geom,yes,271
nitrologic,forge,yes,242
nitrologic,wire,yes,239
nitrologic,scout,yes,234
nitrologic,audiotool,yes,219
nitrologic,pipeline2,yes,216
nitrologic,sphinx,yes,201
nitrologic,space,yes,137
nitrologic,stage4,yes,186
nitrologic,acid8,yes,159
nitrologic,wasted,yes,130
nitrologic,mod,yes,146
nitrologic,n3d,yes,147
nitrologic,maxide,yes,97
nitrologic,score,yes,96
blitz-research,libsgd,yes,99

nitrologic,acid,yes,79
nitrologic,skidroa,yes,77
nitrologic,foundry,yes,77
nitrologic,roha,yes,78
nitrologic,biblispec,yes,66
nitrologic,nitrologic,yes,43
nitrologic,plainview,yes,41
nitrologic,worldbody,yes,48
nitrologic,fusion,yes,46
nitrologic,blitz3d,yes,45
nitrologic,dsptool,yes,40
nitrologic,skid30,yes,37
nitrologic,stage2,yes,35
nitrologic,stage3,yes,24
nitrologic,vsynth,yes,29
nitrologic,freeaudio,yes,21

nitrologic,miditool,yes,3
nitrologic,acidvm,yes,2
nitrologic,picotool,yes,2
nitrologic,roa,yes,7
nitrologic,roagrid,yes,5
nitrologic,tileshop,yes,3
nitrologic,bakery,yes,6
nitrologic,pipeline,yes,4
nitrologic,stage,yes,2
nitrologic,blitz2,yes,3
nitrologic,steamstub,yes,4
nitrologic,blitzmax20,yes,2
nitrologic,blitzmax-dpi-denial,yes,3
nitrologic,maxgui2.mod,yes,12
nitrologic,monkey2,yes,29
nitrologic,mx2core,yes,2
nitrologic,mx2mojo,yes,29
nitrologic,mojo3d-vr,yes,31
nitrologic,mojolab,yes,24
nitrologic,mojolabs,yes,4
nitrologic,bbcom,yes,15
nitrologic,bbarchives,yes,16
nitrologic,skidnz,yes,2
nitrologic,plainhost,yes,4
nitrologic,mobstar,yes,3
nitrologic,waveform,yes,2
nitrologic,itouch,yes,11
nitrologic,touch,yes,4
nitrologic,postphysics,yes,3
nitrologic,asmcoder,yes,6
nitrologic,diversity,yes,3
nitrologic,studio,yes,7
nitrologic,nod,yes,20
nitrologic,grid,yes,2
nitrologic,nitro,yes,2
nitrologic,simon,yes,4
nitrologic,drawline,yes,1
nitrologic,basement,yes,10
nitrologic,acidpd,yes,29
nitrologic,axe.mod,yes,12
nitrologic,nitrovr,yes,4
nitrologic,winmain,yes,1
nitrologic,shape,yes,4
nitrologic,nitrotoken,yes,4
nitrologic,nano,yes,9
nitrologic,media,yes,70
nitrologic,ffmpeg,yes,11
nitrologic,nitrosdk,yes,7
nitrologic,nitrojs,yes,71
nitrologic,emu,yes,4
nitrologic,nitroclient,yes,3
nitrologic,nitrodocs,yes,17
nitrologic,abc,yes,1
blitz-research,blitzmax,yes,15
